dt,open,high,low,close,volume,symbol,date
2025-07-03,3324.2,3326.5,3318.8,3325.1,185.45499999999998,XAU/USDT,2025-07-03
2025-07-04,3325.3,3341.6,3321.5,3334.2,2064.761,XAU/USDT,2025-07-04
2025-07-05,3334.2,3339.8,3324.8,3332.2,811.643,XAU/USDT,2025-07-05
2025-07-06,3332.2,3336.4,3323.2,3324.6,858.472,XAU/USDT,2025-07-06
2025-07-07,3324.6,3339.3,3295.0,3328.6,4050.156,XAU/USDT,2025-07-07
2025-07-08,3328.7,3333.2,3286.3,3299.8,3518.889,XAU/USDT,2025-07-08
2025-07-09,3300.5,3315.2,3282.0,3311.7,3342.597,XAU/USDT,2025-07-09
2025-07-10,3311.7,3323.0,3303.5,3317.4,3298.335,XAU/USDT,2025-07-10
2025-07-11,3317.3,3358.9,3316.4,3350.0,4967.786,XAU/USDT,2025-07-11
2025-07-12,3350.1,3354.5,3338.1,3353.0,2141.254,XAU/USDT,2025-07-12
2025-07-13,3353.0,3364.4,3342.9,3359.0,2391.957,XAU/USDT,2025-07-13
2025-07-14,3358.9,3369.9,3339.2,3344.6,5213.9130000000005,XAU/USDT,2025-07-14
2025-07-15,3344.5,3362.4,3321.7,3331.1,3966.736,XAU/USDT,2025-07-15
2025-07-16,3331.1,3370.0,3319.0,3342.1,4560.919,XAU/USDT,2025-07-16
2025-07-17,3342.1,3343.3,3311.7,3336.2,3344.251,XAU/USDT,2025-07-17
2025-07-18,3336.2,3360.0,3329.4,3344.8,3151.251,XAU/USDT,2025-07-18
2025-07-19,3344.8,3351.0,3342.5,3350.4,689.086,XAU/USDT,2025-07-19
2025-07-20,3350.5,3352.8,3343.4,3347.0,1160.239,XAU/USDT,2025-07-20
2025-07-21,3347.0,3396.4,3346.0,3389.8,3856.764,XAU/USDT,2025-07-21
2025-07-22,3389.9,3426.1,3379.4,3419.0,5062.308,XAU/USDT,2025-07-22
2025-07-23,3419.1,3429.9,3378.6,3386.9,6261.882,XAU/USDT,2025-07-23
2025-07-24,3386.9,3389.8,3352.2,3366.7,4983.967000000001,XAU/USDT,2025-07-24
2025-07-25,3366.7,3371.0,3328.0,3343.9,4724.583,XAU/USDT,2025-07-25
2025-07-26,3343.8,3347.4,3339.3,3345.6,1380.784,XAU/USDT,2025-07-26
2025-07-27,3345.5,3348.7,3329.4,3337.1,1556.6109999999999,XAU/USDT,2025-07-27
2025-07-28,3337.0,3345.7,3303.3,3315.2,4912.313,XAU/USDT,2025-07-28
2025-07-29,3315.1,3335.0,3310.2,3329.5,3849.179,XAU/USDT,2025-07-29
2025-07-30,3329.8,3335.2,3275.1,3294.8,6757.421,XAU/USDT,2025-07-30
2025-07-31,3294.9,3316.3,3291.6,3291.6,4759.106,XAU/USDT,2025-07-31
2025-08-01,3291.7,3365.4,3286.1,3361.3,6651.029,XAU/USDT,2025-08-01
2025-08-02,3361.5,3368.1,3351.6,3358.0,2351.806,XAU/USDT,2025-08-02
2025-08-03,3358.0,3363.9,3352.1,3358.9,1259.424,XAU/USDT,2025-08-03
2025-08-04,3359.0,3379.7,3342.6,3373.1,2436.692,XAU/USDT,2025-08-04
2025-08-05,3373.4,3385.0,3348.2,3377.6,3484.498,XAU/USDT,2025-08-05
2025-08-06,3378.0,3381.5,3355.1,3366.0,2897.137,XAU/USDT,2025-08-06
2025-08-07,3366.3,3394.5,3362.0,3389.5,6372.688,XAU/USDT,2025-08-07
2025-08-08,3389.6,3393.4,3373.2,3385.3,7032.896,XAU/USDT,2025-08-08
2025-08-09,3385.2,3388.6,3375.1,3384.8,2115.049,XAU/USDT,2025-08-09
2025-08-10,3384.8,3389.9,3379.5,3383.3,1500.997,XAU/USDT,2025-08-10
2025-08-11,3383.3,3383.3,3337.3,3348.3,4383.506,XAU/USDT,2025-08-11
2025-08-12,3348.3,3355.9,3332.0,3348.3,3081.052,XAU/USDT,2025-08-12
2025-08-13,3348.2,3366.9,3342.4,3359.4,2146.271,XAU/USDT,2025-08-13
2025-08-14,3359.5,3368.5,3330.2,3335.1,3327.425,XAU/USDT,2025-08-14
2025-08-15,3335.1,3346.3,3332.2,3335.9,1602.345,XAU/USDT,2025-08-15
2025-08-16,3335.9,3340.0,3334.3,3337.1,664.856,XAU/USDT,2025-08-16
2025-08-17,3337.0,3339.2,3327.4,3328.4,813.24,XAU/USDT,2025-08-17
2025-08-18,3328.8,3357.6,3328.8,3332.6,2849.124,XAU/USDT,2025-08-18
2025-08-19,3332.6,3344.0,3316.8,3317.6,2330.72,XAU/USDT,2025-08-19
2025-08-20,3317.5,3350.0,3315.0,3346.2,2581.885,XAU/USDT,2025-08-20
2025-08-21,3346.3,3346.9,3328.2,3339.0,2164.602,XAU/USDT,2025-08-21
2025-08-22,3339.1,3376.2,3323.5,3369.8,3607.736,XAU/USDT,2025-08-22
2025-08-23,3369.7,3371.5,3362.1,3368.4,838.198,XAU/USDT,2025-08-23
2025-08-24,3368.5,3373.4,3362.3,3366.2,818.531,XAU/USDT,2025-08-24
2025-08-25,3366.1,3376.9,3345.8,3350.5,3139.906,XAU/USDT,2025-08-25
2025-08-26,3350.5,3387.4,3345.5,3384.1,4095.5860000000002,XAU/USDT,2025-08-26
2025-08-27,3383.9,3397.0,3370.0,3392.0,2993.049,XAU/USDT,2025-08-27
2025-08-28,3392.1,3420.0,3378.4,3413.7,3347.64,XAU/USDT,2025-08-28
2025-08-29,3413.7,3457.1,3403.7,3454.3,5446.576,XAU/USDT,2025-08-29
2025-08-30,3454.8,3460.0,3450.7,3456.7,1761.322,XAU/USDT,2025-08-30
2025-08-31,3456.5,3464.2,3449.4,3457.4,1675.08,XAU/USDT,2025-08-31
2025-09-01,3457.5,3502.7,3447.4,3490.6,8799.999,XAU/USDT,2025-09-01
2025-09-02,3490.5,3549.1,3473.5,3534.7,10213.428,XAU/USDT,2025-09-02
2025-09-03,3534.7,3583.6,3533.6,3562.8,7407.143,XAU/USDT,2025-09-03
2025-09-04,3562.8,3564.9,3516.6,3553.0,6786.638,XAU/USDT,2025-09-04
2025-09-05,3553.0,3599.8,3542.9,3590.2,8197.6,XAU/USDT,2025-09-05
2025-09-06,3590.2,3604.5,3584.9,3604.0,4502.714,XAU/USDT,2025-09-06
2025-09-07,3603.9,3608.2,3590.0,3595.6,3748.941,XAU/USDT,2025-09-07
2025-09-08,3595.6,3644.1,3581.1,3635.4,8440.756000000001,XAU/USDT,2025-09-08
2025-09-09,3635.5,3676.1,3625.3,3638.4,12407.542,XAU/USDT,2025-09-09
2025-09-10,3638.4,3659.8,3625.3,3644.5,6848.419,XAU/USDT,2025-09-10
2025-09-11,3644.4,3649.0,3614.8,3633.0,6021.656,XAU/USDT,2025-09-11
2025-09-12,3633.1,3657.8,3631.7,3644.3,3533.069,XAU/USDT,2025-09-12
2025-09-13,3644.2,3645.4,3635.2,3642.4,1779.515,XAU/USDT,2025-09-13
2025-09-14,3642.5,3652.0,3640.0,3640.7,2092.959,XAU/USDT,2025-09-14
2025-09-15,3640.7,3687.5,3629.1,3678.1,6701.822999999999,XAU/USDT,2025-09-15
2025-09-16,3678.2,3704.7,3676.2,3695.9,6890.003,XAU/USDT,2025-09-16
2025-09-17,3695.9,3702.8,3649.7,3668.2,13369.234,XAU/USDT,2025-09-17
2025-09-18,3668.3,3669.9,3631.1,3640.6,9169.637999999999,XAU/USDT,2025-09-18
2025-09-19,3640.6,3685.6,3634.4,3683.7,6390.8099999999995,XAU/USDT,2025-09-19
2025-09-20,3683.7,3686.5,3677.3,3681.7,2100.077,XAU/USDT,2025-09-20
2025-09-21,3681.8,3688.9,3678.6,3685.8,1880.502,XAU/USDT,2025-09-21
2025-09-22,3685.8,3758.5,3684.4,3752.5,18041.71,XAU/USDT,2025-09-22
2025-09-23,3752.5,3792.8,3740.3,3765.9,14814.719,XAU/USDT,2025-09-23
2025-09-24,3765.9,3781.8,3718.5,3746.3,11121.669,XAU/USDT,2025-09-24
2025-09-25,3746.0,3763.0,3724.1,3744.7,11566.471,XAU/USDT,2025-09-25
2025-09-26,3744.8,3782.4,3734.6,3762.4,8256.954,XAU/USDT,2025-09-26
2025-09-27,3762.4,3776.8,3758.2,3765.6,4783.669,XAU/USDT,2025-09-27
2025-09-28,3765.6,3770.0,3756.3,3766.0,2769.089,XAU/USDT,2025-09-28
2025-09-29,3766.1,3844.4,3764.1,3835.5,16042.833,XAU/USDT,2025-09-29
2025-09-30,3835.5,3872.4,3796.8,3863.8,25678.773,XAU/USDT,2025-09-30
2025-10-01,3864.0,3907.1,3853.0,3863.3,15859.271,XAU/USDT,2025-10-01
2025-10-02,3863.3,3890.7,3822.8,3862.9,15295.385,XAU/USDT,2025-10-02
2025-10-03,3862.9,3887.0,3840.1,3883.2,12690.431,XAU/USDT,2025-10-03
2025-10-04,3883.3,3893.8,3880.2,3892.4,6248.92,XAU/USDT,2025-10-04
2025-10-05,3892.5,3919.4,3885.5,3910.7,7182.697,XAU/USDT,2025-10-05
2025-10-06,3910.8,3977.3,3901.4,3972.1,20258.337,XAU/USDT,2025-10-06
2025-10-07,3972.1,3995.6,3942.0,3994.1,17598.249,XAU/USDT,2025-10-07
2025-10-08,3994.2,4064.1,3987.4,4019.8,38834.151,XAU/USDT,2025-10-08
2025-10-09,4019.7,4060.3,3950.0,3991.0,40468.562,XAU/USDT,2025-10-09
2025-10-10,3991.0,4025.3,3947.6,3997.4,48003.706,XAU/USDT,2025-10-10
2025-10-11,3997.3,4012.9,3985.0,4008.0,15879.686,XAU/USDT,2025-10-11
2025-10-12,4008.1,4062.1,4007.7,4038.1,14305.383,XAU/USDT,2025-10-12
2025-10-13,4038.1,4138.0,4029.0,4134.1,26834.586,XAU/USDT,2025-10-13
2025-10-14,4134.1,4192.7,4092.2,4168.8,59833.633,XAU/USDT,2025-10-14
2025-10-15,4168.9,4230.6,4162.5,4216.6,46523.015,XAU/USDT,2025-10-15
2025-10-16,4216.6,4393.4,4213.4,4383.2,71196.429,XAU/USDT,2025-10-16
2025-10-17,4383.2,4394.7,4171.8,4231.7,125070.371,XAU/USDT,2025-10-17
2025-10-18,4231.7,4253.8,4225.1,4235.8,16113.138,XAU/USDT,2025-10-18
2025-10-19,4235.9,4257.2,4226.0,4232.3,15095.717,XAU/USDT,2025-10-19
2025-10-20,4232.2,4380.0,4205.4,4357.1,60270.112,XAU/USDT,2025-10-20
2025-10-21,4357.2,4369.4,4085.9,4094.3,91335.253,XAU/USDT,2025-10-21
2025-10-22,4094.4,4162.3,4010.0,4086.2,104828.269,XAU/USDT,2025-10-22
2025-10-23,4086.2,4149.6,4065.2,4116.4,46759.414,XAU/USDT,2025-10-23
2025-10-24,4116.5,4138.0,4044.4,4110.2,47481.301,XAU/USDT,2025-10-24
2025-10-25,4110.3,4118.6,4106.8,4113.3,7374.85,XAU/USDT,2025-10-25
2025-10-26,4113.4,4116.0,4056.6,4059.5,17943.915,XAU/USDT,2025-10-26
2025-10-27,4059.4,4094.2,3967.5,3994.6,55665.924999999996,XAU/USDT,2025-10-27
2025-10-28,3994.5,4016.8,3893.3,3967.2,79412.828,XAU/USDT,2025-10-28
2025-10-29,3967.2,4028.0,3918.7,3954.2,52646.849,XAU/USDT,2025-10-29
2025-10-30,3954.1,4039.2,3916.4,4032.1,55086.244,XAU/USDT,2025-10-30
2025-10-31,4032.1,4033.0,3966.5,3997.5,37682.472,XAU/USDT,2025-10-31
2025-11-01,3997.5,4007.7,3993.8,4002.7,6749.811,XAU/USDT,2025-11-01
2025-11-02,4002.7,4005.7,3971.8,3975.3,10593.133,XAU/USDT,2025-11-02
2025-11-03,3975.0,4024.0,3956.2,3992.2,48005.312,XAU/USDT,2025-11-03
2025-11-04,3992.2,3993.9,3901.0,3926.6,53794.674,XAU/USDT,2025-11-04
2025-11-05,3926.7,3981.5,3917.2,3965.3,37783.037,XAU/USDT,2025-11-05
2025-11-06,3965.2,4009.7,3954.2,3979.2,35898.906,XAU/USDT,2025-11-06
2025-11-07,3979.3,4008.4,3969.6,3982.2,35780.017,XAU/USDT,2025-11-07
2025-11-08,3982.2,3993.0,3978.9,3983.4,6732.545,XAU/USDT,2025-11-08
2025-11-09,3983.4,3998.9,3981.7,3998.9,7462.5380000000005,XAU/USDT,2025-11-09
2025-11-10,3999.0,4111.7,3998.6,4108.2,40407.563,XAU/USDT,2025-11-10
2025-11-11,4108.2,4134.9,4068.8,4124.4,38320.284999999996,XAU/USDT,2025-11-11
2025-11-12,4124.4,4188.8,4079.2,4167.5,30254.199,XAU/USDT,2025-11-12
2025-11-13,4167.6,4226.3,4122.0,4166.3,44507.727,XAU/USDT,2025-11-13
2025-11-14,4166.4,4194.0,4012.3,4066.5,48453.639,XAU/USDT,2025-11-14
2025-11-15,4066.5,4082.5,4063.2,4073.4,11502.156,XAU/USDT,2025-11-15
2025-11-16,4073.5,4092.5,4052.0,4076.5,16160.363000000001,XAU/USDT,2025-11-16
2025-11-17,4076.1,4081.9,3983.2,4016.0,37946.238,XAU/USDT,2025-11-17
2025-11-18,4015.9,4065.3,3976.0,4056.6,38204.197,XAU/USDT,2025-11-18
2025-11-19,4056.7,4114.3,4033.6,4085.0,33679.462,XAU/USDT,2025-11-19
2025-11-20,4085.0,4098.6,4022.1,4062.7,49346.835,XAU/USDT,2025-11-20
2025-11-21,4062.8,4088.8,4003.8,4056.6,57027.466,XAU/USDT,2025-11-21
2025-11-22,4056.7,4058.0,4046.0,4049.0,9254.469000000001,XAU/USDT,2025-11-22
2025-11-23,4049.1,4059.9,4033.9,4055.7,15275.065999999999,XAU/USDT,2025-11-23
2025-11-24,4055.7,4127.4,4023.1,4126.8,46245.923,XAU/USDT,2025-11-24
2025-11-25,4126.8,4141.7,4090.6,4115.2,32705.042,XAU/USDT,2025-11-25
2025-11-26,4115.2,4155.5,4113.5,4148.7,30268.875,XAU/USDT,2025-11-26
2025-11-27,4148.7,4150.0,4125.7,4145.7,14868.07,XAU/USDT,2025-11-27
2025-11-28,4145.8,4212.0,4142.1,4208.9,36579.5,XAU/USDT,2025-11-28
2025-11-29,4208.9,4223.5,4201.5,4214.2,13315.949999999999,XAU/USDT,2025-11-29
2025-11-30,4214.2,4223.0,4206.8,4217.0,9466.752,XAU/USDT,2025-11-30
2025-12-01,4217.0,4259.8,4206.1,4221.5,61519.697,XAU/USDT,2025-12-01
2025-12-02,4221.4,4223.4,4157.7,4203.7,55802.917,XAU/USDT,2025-12-02
2025-12-03,4203.7,4234.5,4186.4,4201.7,29811.68,XAU/USDT,2025-12-03
2025-12-04,4201.7,4211.4,4171.4,4198.6,17310.747,XAU/USDT,2025-12-04
2025-12-05,4198.6,4250.6,4189.5,4199.5,20301.635,XAU/USDT,2025-12-05
2025-12-06,4199.5,4202.0,4196.4,4200.2,2642.8940000000002,XAU/USDT,2025-12-06
2025-12-07,4200.2,4204.8,4195.7,4202.6,3542.138,XAU/USDT,2025-12-07
2025-12-08,4202.6,4217.4,4176.2,4193.4,11038.962,XAU/USDT,2025-12-08
2025-12-09,4193.5,4215.5,4169.4,4206.5,11756.412,XAU/USDT,2025-12-09
2025-12-10,4206.6,4229.5,4179.1,4228.2,15222.675000000001,XAU/USDT,2025-12-10
2025-12-11,4228.2,4280.6,4203.4,4271.0,21038.989,XAU/USDT,2025-12-11
2025-12-12,4271.2,4352.3,4262.2,4297.2,31838.81,XAU/USDT,2025-12-12
2025-12-13,4297.3,4303.6,4295.0,4302.4,2886.618,XAU/USDT,2025-12-13
2025-12-14,4302.5,4309.2,4297.0,4305.0,3890.199,XAU/USDT,2025-12-14
2025-12-15,4305.1,4349.6,4288.7,4304.5,20519.376,XAU/USDT,2025-12-15
2025-12-16,4304.6,4334.4,4275.0,4308.5,17107.159,XAU/USDT,2025-12-16
2025-12-17,4308.5,4346.8,4307.6,4340.0,16502.729,XAU/USDT,2025-12-17
2025-12-18,4340.0,4372.5,4308.8,4336.0,19398.813000000002,XAU/USDT,2025-12-18
2025-12-19,4336.0,4356.7,4312.6,4339.9,10413.819,XAU/USDT,2025-12-19
2025-12-20,4339.9,4344.1,4338.4,4342.7,1775.672,XAU/USDT,2025-12-20
2025-12-21,4342.7,4355.8,4341.0,4355.4,2640.013,XAU/USDT,2025-12-21
2025-12-22,4355.5,4465.3,4355.5,4464.7,29579.793,XAU/USDT,2025-12-22
2025-12-23,4464.7,4516.4,4435.4,4509.8,35913.833,XAU/USDT,2025-12-23
2025-12-24,4509.9,4529.0,4452.7,4483.9,28597.575,XAU/USDT,2025-12-24
2025-12-25,4483.8,4503.9,4475.1,4499.3,7874.072,XAU/USDT,2025-12-25
2025-12-26,4499.3,4556.5,4497.3,4537.3,27363.900999999998,XAU/USDT,2025-12-26
2025-12-27,4537.4,4549.0,4530.0,4542.8,5548.363,XAU/USDT,2025-12-27
2025-12-28,4542.8,4552.1,4531.9,4531.9,8723.708999999999,XAU/USDT,2025-12-28
2025-12-29,4532.0,4532.3,4314.9,4353.5,73409.486,XAU/USDT,2025-12-29
2025-12-30,4353.5,4411.7,4335.5,4348.0,27847.366,XAU/USDT,2025-12-30
2025-12-31,4348.0,4379.7,4287.7,4329.2,32658.493,XAU/USDT,2025-12-31
2026-01-01,4329.2,4356.0,4327.1,4355.5,6241.110000000001,XAU/USDT,2026-01-01
2026-01-02,4355.4,4407.8,4320.2,4340.1,22977.793,XAU/USDT,2026-01-02
2026-01-03,4340.0,4366.3,4337.7,4342.4,10455.105,XAU/USDT,2026-01-03
2026-01-04,4342.4,4379.2,4335.2,4375.9,10117.317,XAU/USDT,2026-01-04
2026-01-05,4375.9,4449.2,4372.5,4432.5,37162.228,XAU/USDT,2026-01-05
2026-01-06,4432.6,4494.0,4420.0,4484.9,25627.611,XAU/USDT,2026-01-06
2026-01-07,4484.9,4487.3,4422.4,4459.6,24342.618,XAU/USDT,2026-01-07
2026-01-08,4459.6,4472.7,4406.7,4467.2,22666.172,XAU/USDT,2026-01-08
2026-01-09,4467.1,4505.7,4448.6,4495.0,21176.113,XAU/USDT,2026-01-09
2026-01-10,4495.0,4511.3,4491.6,4504.8,6230.404,XAU/USDT,2026-01-10
2026-01-11,4504.8,4538.4,4500.0,4534.2,7082.372,XAU/USDT,2026-01-11
2026-01-12,4534.2,4622.0,4531.1,4596.4,38020.038,XAU/USDT,2026-01-12
2026-01-13,4596.5,4629.0,4569.0,4595.7,28651.866,XAU/USDT,2026-01-13
2026-01-14,4595.6,4634.8,4595.6,4612.7,29248.98,XAU/USDT,2026-01-14
2026-01-15,4612.6,4622.7,4575.0,4606.4,21651.239,XAU/USDT,2026-01-15
2026-01-16,4606.4,4615.0,4532.0,4592.6,20061.303,XAU/USDT,2026-01-16
2026-01-17,4592.7,4603.7,4591.0,4601.1,2538.482,XAU/USDT,2026-01-17
2026-01-18,4601.1,4692.8,4600.1,4674.0,13161.99,XAU/USDT,2026-01-18
2026-01-19,4674.0,4683.0,4650.0,4668.1,15348.573,XAU/USDT,2026-01-19
2026-01-20,4668.1,4792.2,4661.2,4786.2,33162.423,XAU/USDT,2026-01-20
2026-01-21,4786.1,4898.0,4766.2,4788.6,60432.786,XAU/USDT,2026-01-21
2026-01-22,4788.6,4967.8,4775.4,4962.8,37891.478,XAU/USDT,2026-01-22
2026-01-23,4962.8,4995.0,4906.5,4990.2,42302.274,XAU/USDT,2026-01-23
2026-01-24,4990.3,5087.3,4989.6,5051.2,28066.608,XAU/USDT,2026-01-24
2026-01-25,5051.2,5123.3,5008.8,5050.0,38350.963,XAU/USDT,2026-01-25
2026-01-26,5050.0,5119.1,4973.0,5046.0,72252.412,XAU/USDT,2026-01-26
2026-01-27,5045.9,5198.0,5014.1,5179.3,60599.573000000004,XAU/USDT,2026-01-27
2026-01-28,5179.4,5626.7,5167.0,5530.3,141571.221,XAU/USDT,2026-01-28
2026-01-29,5530.4,5609.6,5157.2,5454.9,287687.45,XAU/USDT,2026-01-29
2026-01-30,5454.6,5464.8,4739.0,4906.5,354009.627,XAU/USDT,2026-01-30
2026-01-31,4906.5,4936.0,4790.0,4809.1,71773.479,XAU/USDT,2026-01-31
2026-02-01,4809.2,4872.0,4688.0,4743.6,57980.246,XAU/USDT,2026-02-01
2026-02-02,4743.6,4886.5,4433.9,4777.0,249803.386,XAU/USDT,2026-02-02
2026-02-03,4777.0,4997.4,4746.7,4946.2,148031.528,XAU/USDT,2026-02-03
2026-02-04,4946.2,5093.7,4855.5,5012.4,133358.184,XAU/USDT,2026-02-04
2026-02-05,5012.3,5022.0,4674.8,4676.8,152164.779,XAU/USDT,2026-02-05
2026-02-06,4676.9,4954.5,4619.8,4928.1,82357.037,XAU/USDT,2026-02-06
2026-02-07,4928.2,4975.9,4895.7,4962.3,16510.609,XAU/USDT,2026-02-07
2026-02-08,4962.2,5034.7,4956.2,5024.8,20692.996,XAU/USDT,2026-02-08
2026-02-09,5024.8,5079.6,4948.1,5020.7,53953.964,XAU/USDT,2026-02-09
2026-02-10,5020.6,5069.7,4992.5,5031.1,34968.237,XAU/USDT,2026-02-10
2026-02-11,5031.1,5114.4,5012.6,5050.6,50366.505,XAU/USDT,2026-02-11
2026-02-12,5050.6,5072.0,4876.0,4911.3,67490.302,XAU/USDT,2026-02-12
2026-02-13,4911.4,5033.5,4906.0,5024.5,47261.194,XAU/USDT,2026-02-13
2026-02-14,5024.6,5031.3,5001.5,5001.5,13199.318,XAU/USDT,2026-02-14
2026-02-15,5001.5,5032.3,4987.3,5001.4,39604.638999999996,XAU/USDT,2026-02-15
2026-02-16,5001.5,5011.7,4954.0,4977.1,16046.414999999999,XAU/USDT,2026-02-16
2026-02-17,4977.2,4977.8,4829.8,4848.3,44088.048,XAU/USDT,2026-02-17
2026-02-18,4848.3,4999.6,4847.6,4962.7,26549.244,XAU/USDT,2026-02-18
2026-02-19,4962.6,5010.6,4948.0,4977.7,24687.164,XAU/USDT,2026-02-19
2026-02-20,4977.6,5098.4,4974.7,5092.1,31588.884,XAU/USDT,2026-02-20
2026-02-21,5092.2,5134.1,5087.0,5119.6,13740.973,XAU/USDT,2026-02-21
2026-02-22,5119.6,5169.8,5098.1,5163.1,16830.446,XAU/USDT,2026-02-22
2026-02-23,5163.1,5242.0,5115.3,5225.6,30840.66,XAU/USDT,2026-02-23
2026-02-24,5225.5,5226.3,5085.0,5137.6,35757.364,XAU/USDT,2026-02-24
2026-02-25,5137.6,5207.4,5128.7,5154.8,30210.605,XAU/USDT,2026-02-25
2026-02-26,5154.9,5190.3,5123.5,5173.7,25030.205,XAU/USDT,2026-02-26
2026-02-27,5173.8,5288.0,5159.8,5267.3,32814.118,XAU/USDT,2026-02-27
2026-02-28,5267.3,5499.0,5262.1,5328.4,116221.93800000001,XAU/USDT,2026-02-28
2026-03-01,5328.4,5389.1,5253.9,5373.5,65009.828,XAU/USDT,2026-03-01
2026-03-02,5373.4,5406.6,5243.6,5328.8,85860.032,XAU/USDT,2026-03-02
2026-03-03,5328.8,5359.4,4985.7,5110.4,143070.921,XAU/USDT,2026-03-03
2026-03-04,5110.4,5181.3,5088.8,5146.5,50564.606,XAU/USDT,2026-03-04
2026-03-05,5146.6,5169.9,5041.7,5076.9,46245.636,XAU/USDT,2026-03-05
2026-03-06,5076.9,5156.8,5053.1,5152.7,46738.806,XAU/USDT,2026-03-06
2026-03-07,5152.8,5167.0,5138.7,5156.6,14726.645,XAU/USDT,2026-03-07
2026-03-08,5156.6,5173.5,5026.7,5057.8,22218.578,XAU/USDT,2026-03-08
2026-03-09,5057.9,5132.4,5002.0,5117.2,40084.095,XAU/USDT,2026-03-09
2026-03-10,5117.2,5210.0,5103.6,5174.1,35514.275,XAU/USDT,2026-03-10
2026-03-11,5174.1,5197.1,5108.1,5112.0,27959.738999999998,XAU/USDT,2026-03-11
2026-03-12,5112.0,5165.5,5045.9,5092.5,36872.25,XAU/USDT,2026-03-12
2026-03-13,5092.6,5109.3,4995.5,5010.8,51369.954,XAU/USDT,2026-03-13
2026-03-14,5010.7,5020.7,5000.0,5001.5,12905.157,XAU/USDT,2026-03-14
2026-03-15,5001.5,5007.8,4945.1,4975.7,32756.071,XAU/USDT,2026-03-15
2026-03-16,4975.7,5010.9,4947.5,4988.6,40097.204,XAU/USDT,2026-03-16
2026-03-17,4988.5,5016.6,4957.1,4980.5,24496.518,XAU/USDT,2026-03-17
2026-03-18,4980.5,4995.2,4804.4,4836.2,77984.947,XAU/USDT,2026-03-18
2026-03-19,4836.1,4862.4,4518.0,4648.1,188597.22699999998,XAU/USDT,2026-03-19
2026-03-20,4648.0,4735.9,4493.3,4511.0,124866.497,XAU/USDT,2026-03-20
2026-03-21,4510.9,4526.5,4494.1,4500.8,27677.741,XAU/USDT,2026-03-21
2026-03-22,4500.8,4544.6,4451.3,4472.7,42961.07,XAU/USDT,2026-03-22
2026-03-23,4472.6,4505.1,4155.0,4443.6,476244.299,XAU/USDT,2026-03-23
2026-03-24,4443.6,4551.8,4316.2,4543.2,149363.62900000002,XAU/USDT,2026-03-24
2026-03-25,4543.4,4592.5,4492.8,4503.9,101768.178,XAU/USDT,2026-03-25
2026-03-26,4503.9,4542.7,4360.6,4414.4,113334.356,XAU/USDT,2026-03-26
2026-03-27,4414.3,4554.0,4380.3,4503.5,93685.07800000001,XAU/USDT,2026-03-27
2026-03-28,4503.4,4510.0,4489.5,4501.6,12765.742,XAU/USDT,2026-03-28
2026-03-29,4501.7,4530.2,4447.3,4451.6,25863.686999999998,XAU/USDT,2026-03-29
2026-03-30,4451.8,4582.1,4422.0,4517.8,71142.511,XAU/USDT,2026-03-30
2026-03-31,4517.8,4693.9,4485.2,4690.5,98797.95,XAU/USDT,2026-03-31
2026-04-01,4690.5,4789.5,4661.2,4771.6,90633.551,XAU/USDT,2026-04-01
2026-04-02,4771.6,4786.4,4560.0,4670.7,139054.85700000002,XAU/USDT,2026-04-02
2026-04-03,4670.8,4670.8,4645.0,4652.1,20629.448,XAU/USDT,2026-04-03
2026-04-04,4652.1,4662.5,4648.5,4651.7,13453.11,XAU/USDT,2026-04-04
2026-04-05,4651.7,4657.1,4602.0,4607.1,35784.053,XAU/USDT,2026-04-05
2026-04-06,4607.1,4693.8,4596.7,4649.6,56883.344,XAU/USDT,2026-04-06
2026-04-07,4649.5,4813.4,4602.0,4810.9,82242.425,XAU/USDT,2026-04-07
2026-04-08,4810.9,4838.3,4693.2,4710.4,67207.634,XAU/USDT,2026-04-08
2026-04-09,4710.2,4792.1,4691.3,4755.8,47483.865,XAU/USDT,2026-04-09
2026-04-10,4755.9,4784.9,4725.6,4741.2,35452.394,XAU/USDT,2026-04-10
2026-04-11,4741.2,4742.0,4731.8,4736.6,9824.869,XAU/USDT,2026-04-11
2026-04-12,4736.8,4741.6,4632.6,4663.8,29378.52,XAU/USDT,2026-04-12
2026-04-13,4664.0,4759.7,4657.5,4750.1,41538.75,XAU/USDT,2026-04-13
2026-04-14,4750.0,4845.0,4744.5,4827.5,43272.775,XAU/USDT,2026-04-14
2026-04-15,4827.6,4864.2,4777.9,4812.9,35152.457,XAU/USDT,2026-04-15
2026-04-16,4813.0,4828.0,4767.0,4783.1,29868.334,XAU/USDT,2026-04-16
2026-04-17,4783.0,4877.4,4761.0,4824.1,40365.169,XAU/USDT,2026-04-17
2026-04-18,4824.0,4833.8,4781.4,4785.4,11935.342,XAU/USDT,2026-04-18
2026-04-19,4785.5,4806.3,4733.3,4747.5,26431.691,XAU/USDT,2026-04-19
2026-04-20,4747.5,4820.8,4737.9,4811.1,30956.131,XAU/USDT,2026-04-20
2026-04-21,4811.1,4819.9,4663.0,4734.1,43799.524,XAU/USDT,2026-04-21
2026-04-22,4734.1,4765.0,4717.1,4720.9,24010.512,XAU/USDT,2026-04-22
2026-04-23,4720.9,4744.1,4662.1,4690.6,41812.259,XAU/USDT,2026-04-23
2026-04-24,4690.7,4730.5,4655.2,4699.4,28930.325,XAU/USDT,2026-04-24
2026-04-25,4699.3,4704.7,4689.0,4689.0,7349.403,XAU/USDT,2026-04-25
2026-04-26,4689.0,4713.2,4671.0,4678.2,12740.063,XAU/USDT,2026-04-26
2026-04-27,4678.1,4724.2,4666.8,4689.7,25104.578999999998,XAU/USDT,2026-04-27
2026-04-28,4689.7,4696.2,4559.0,4597.4,52988.1,XAU/USDT,2026-04-28
2026-04-29,4597.5,4613.4,4516.8,4566.0,53284.951,XAU/USDT,2026-04-29
2026-04-30,4565.9,4645.4,4547.0,4627.3,49678.044,XAU/USDT,2026-04-30
2026-05-01,4627.3,4662.7,4568.0,4619.9,48800.928,XAU/USDT,2026-05-01
2026-05-02,4619.9,4621.2,4610.7,4615.1,5149.095,XAU/USDT,2026-05-02
2026-05-03,4615.1,4649.4,4613.5,4615.5,15089.669,XAU/USDT,2026-05-03
2026-05-04,4615.6,4624.7,4508.0,4524.9,55749.326,XAU/USDT,2026-05-04
2026-05-05,4524.9,4597.0,4521.0,4595.4,35694.525,XAU/USDT,2026-05-05
2026-05-06,4595.4,4721.9,4591.1,4698.7,64809.762,XAU/USDT,2026-05-06
2026-05-07,4698.7,4763.8,4675.8,4706.7,58203.633,XAU/USDT,2026-05-07
2026-05-08,4706.7,4748.2,4698.0,4712.1,38719.223,XAU/USDT,2026-05-08
2026-05-09,4712.0,4724.0,4711.8,4722.3,7709.661,XAU/USDT,2026-05-09
2026-05-10,4722.2,4735.1,4683.9,4695.6,17609.194,XAU/USDT,2026-05-10
2026-05-11,4695.7,4773.5,4652.3,4771.2,56436.772,XAU/USDT,2026-05-11
2026-05-12,4771.2,4777.3,4645.7,4720.7,58185.482,XAU/USDT,2026-05-12
2026-05-13,4720.5,4729.8,4675.4,4699.2,36451.639,XAU/USDT,2026-05-13
2026-05-14,4699.1,4721.0,4650.5,4655.2,41940.162,XAU/USDT,2026-05-14
2026-05-15,4655.1,4662.5,4517.0,4546.6,84468.243,XAU/USDT,2026-05-15
2026-05-16,4546.7,4553.3,4526.4,4541.9,18675.337,XAU/USDT,2026-05-16
2026-05-17,4541.9,4557.8,4530.0,4540.8,17530.744,XAU/USDT,2026-05-17
2026-05-18,4541.0,4591.3,4483.5,4584.8,61305.251000000004,XAU/USDT,2026-05-18
2026-05-19,4584.9,4591.3,4472.8,4494.1,68708.33899999999,XAU/USDT,2026-05-19
2026-05-20,4494.1,4556.6,4459.7,4547.3,70912.551,XAU/USDT,2026-05-20
2026-05-21,4547.4,4571.7,4495.0,4537.7,51857.04,XAU/USDT,2026-05-21
2026-05-22,4537.8,4542.8,4496.0,4507.5,31655.188000000002,XAU/USDT,2026-05-22
2026-05-23,4507.4,4541.8,4500.0,4537.7,14332.407,XAU/USDT,2026-05-23
2026-05-24,4537.7,4584.9,4513.0,4571.3,27286.644,XAU/USDT,2026-05-24
2026-05-25,4571.4,4584.0,4553.0,4564.5,26766.397,XAU/USDT,2026-05-25
2026-05-26,4564.5,4564.5,4490.8,4526.8,48329.398,XAU/USDT,2026-05-26
2026-05-27,4526.8,4532.0,4411.3,4454.4,78545.92599999999,XAU/USDT,2026-05-27
2026-05-28,4454.1,4518.6,4378.1,4500.4,91681.626,XAU/USDT,2026-05-28
2026-05-29,4500.5,4592.7,4497.3,4549.2,58042.416,XAU/USDT,2026-05-29
2026-05-30,4549.5,4551.8,4534.0,4536.0,7562.943,XAU/USDT,2026-05-30
2026-05-31,4535.9,4549.9,4516.6,4544.6,13804.505,XAU/USDT,2026-05-31
2026-06-01,4544.5,4549.8,4455.4,4489.8,44947.67,XAU/USDT,2026-06-01
2026-06-02,4489.6,4544.3,4465.1,4479.1,45088.568,XAU/USDT,2026-06-02
2026-06-03,4479.0,4501.1,4427.0,4460.8,41388.563,XAU/USDT,2026-06-03
2026-06-04,4460.9,4518.7,4447.6,4465.2,39862.134,XAU/USDT,2026-06-04
2026-06-05,4465.1,4478.8,4316.8,4329.6,67703.525,XAU/USDT,2026-06-05
2026-06-06,4329.5,4339.6,4306.2,4315.8,13893.053,XAU/USDT,2026-06-06
2026-06-07,4315.8,4351.5,4311.5,4348.2,20372.291,XAU/USDT,2026-06-07
2026-06-08,4348.2,4358.4,4272.4,4319.9,53522.849,XAU/USDT,2026-06-08
2026-06-09,4319.9,4368.0,4216.3,4227.2,57556.02,XAU/USDT,2026-06-09
2026-06-10,4227.1,4232.8,4027.8,4051.6,131027.917,XAU/USDT,2026-06-10
2026-06-11,4052.0,4249.4,4042.7,4224.3,113801.413,XAU/USDT,2026-06-11
2026-06-12,4224.3,4240.5,4173.7,4220.2,53565.981,XAU/USDT,2026-06-12
2026-06-13,4220.1,4233.1,4210.1,4230.1,7641.582,XAU/USDT,2026-06-13
2026-06-14,4230.2,4312.4,4221.4,4296.6,23662.137000000002,XAU/USDT,2026-06-14
2026-06-15,4296.5,4370.6,4288.5,4319.4,56390.693,XAU/USDT,2026-06-15
2026-06-16,4319.4,4357.0,4308.5,4333.9,33990.934,XAU/USDT,2026-06-16
2026-06-17,4334.0,4384.8,4224.6,4282.2,79089.399,XAU/USDT,2026-06-17
2026-06-18,4282.3,4331.8,4190.5,4191.9,56930.436,XAU/USDT,2026-06-18
2026-06-19,4191.9,4202.3,4126.4,4163.7,54048.65,XAU/USDT,2026-06-19
2026-06-20,4163.6,4168.1,4153.0,4161.5,9343.239,XAU/USDT,2026-06-20
2026-06-21,4161.4,4178.1,4141.0,4144.5,12384.696,XAU/USDT,2026-06-21
2026-06-22,4144.3,4225.0,4144.1,4193.4,39230.019,XAU/USDT,2026-06-22
2026-06-23,4193.1,4203.0,4085.7,4105.0,65306.091,XAU/USDT,2026-06-23
2026-06-24,4105.2,4117.2,3965.9,4019.4,129491.291,XAU/USDT,2026-06-24
2026-06-25,4019.6,4050.5,3970.0,4021.4,73422.597,XAU/USDT,2026-06-25
2026-06-26,4021.3,4099.9,3988.7,4092.4,60168.276,XAU/USDT,2026-06-26
2026-06-27,4092.3,4095.2,4081.1,4084.5,8638.83,XAU/USDT,2026-06-27
2026-06-28,4084.5,4093.8,4059.2,4069.4,13655.043,XAU/USDT,2026-06-28
2026-06-29,4069.3,4082.3,4006.7,4021.7,42702.753,XAU/USDT,2026-06-29
2026-06-30,4021.6,4070.0,3950.8,4011.9,73272.944,XAU/USDT,2026-06-30
2026-07-01,4011.9,4117.3,3967.5,4041.1,93156.265,XAU/USDT,2026-07-01
2026-07-02,4041.0,4146.8,4037.0,4131.6,73642.697,XAU/USDT,2026-07-02
2026-07-03,4131.2,4197.4,4128.6,4177.0,41313.315,XAU/USDT,2026-07-03
